Profile Name,Title Name,Country,Utc Title Add Date
Dad,The Survivors,Australia,2025-06-13
Dad,The Gentlemen,Australia,2025-06-02
Dad,Bloodline,Australia,2025-05-26
Dad,The Madness,Australia,2025-05-07
Dad,Inside Man: Most Wanted,Australia,2025-05-07
Dad,BlackBerry,Australia,2025-05-05
Dad,Exterritorial,Australia,2025-05-05
Dad,Havoc,Australia,2025-04-30
Dad,1883,United Kingdom,2025-04-07
Dad,The Long Game,Australia,2025-03-22
Dad,Enemy at the Gates,Australia,2025-03-22
Dad,Pelé,Australia,2025-03-22
Dad,War Sailor,Australia,2025-03-22
Dad,The Electric State,Australia,2025-03-22
Dad,American Primeval,Australia,2025-02-18
Dad,American Murder: Gabby Petito,Australia,2025-02-18
Dad,Buy Now: The Shopping Conspiracy,Australia,2025-01-06
Dad,La Palma,Australia,2024-12-21
Dad,Senna,Australia,2024-12-04
Dad,Buy Now: The Shopping Conspiracy,Australia,2024-11-23
Dad,Don't Move,Australia,2024-11-16
Dad,Reptile,Australia,2024-11-16
Dad,Jake Paul vs. Mike Tyson,Australia,2024-11-09
Dad,The Union,Australia,2024-08-22
Dad,The Gentlemen,Australia,2024-08-15
Dad,The Final: Attack on Wembley,Australia,2024-06-18
Dad,Baby Reindeer,Australia,2024-05-13
Dad,Operation Mincemeat,Australia,2024-05-10
Dad,Geostorm,Australia,2024-04-05
Dad,Greenland,Australia,2024-04-05
Dad,Together: Treble Winners,Australia,2024-04-03
Dad,3 Body Problem,Australia,2024-03-22
Dad,Oppenheimer,Australia,2024-03-20
Dad,American Underdog: The Kurt Warner Story,Australia,2024-02-27
Dad,Untold: Swamp Kings,Australia,2024-02-07
Dad,American Nightmare,Australia,2024-02-07
Dad,Griselda,Australia,2024-02-07
Dad,Who is Erin Carter?,Australia,2024-02-07
Dad,American Underdog: The Kurt Warner Story,Australia,2024-02-07
Dad,The Greatest Night in Pop,Australia,2024-02-07
Dad,All the Light We Cannot See,Australia,2024-02-06
Dad,Berlin,Australia,2024-02-05
Dad,Live to 100: Secrets of the Blue Zones,Australia,2024-02-05
Dad,Alexander: The Making of a God,Australia,2024-02-05
Dad,"Pepsi, Where's My Jet?",Australia,2024-01-28
Dad,Fool Me Once,Australia,2024-01-10
Dad,Rebel Moon — Part One: A Child of Fire,Australia,2024-01-02
Dad,World War II: From the Frontlines,Australia,2024-01-02
Dad,Obliterated,Australia,2023-12-03
Dad,Squid Game: The Challenge,Australia,2023-11-23
Dad,Robbie Williams,Singapore,2023-11-09
Dad,Sly,Singapore,2023-11-05
Dad,Big Vape: The Rise and Fall of Juul,Australia,2023-11-01
Dad,Blacklight,Australia,2023-10-18
Dad,Big Vape: The Rise and Fall of Juul,Australia,2023-10-12
Dad,Lupin,Australia,2023-10-07
Dad,Beckham,Australia,2023-10-07
Dad,"Ordinary Men: The ""Forgotten Holocaust""",Australia,2023-09-21
Dad,Gangs of Oslo,Australia,2023-09-19
Dad,Molly's Game,Australia,2023-08-29
Dad,Untold: Hall of Shame,Australia,2023-08-17
Dad,Heart of Stone,Australia,2023-08-14
Dad,Hidden Strike,Australia,2023-08-14
Dad,Mission: Impossible - Rogue Nation,Australia,2023-08-14
Dad,Quarterback,Indonesia,2023-07-12
Dad,The Witcher,Australia,2023-06-29
Dad,Treason,Australia,2023-06-29
Dad,Honest Thief,Australia,2023-06-28
Dad,Arnold,Australia,2023-06-09
Dad,Arnold,Australia,2023-06-08
Dad,The Game Changers,Australia,2023-05-28
Dad,The Billion Dollar Code,Australia,2023-05-05
Dad,Stillwater,Australia,2023-05-05
Dad,7 Days in Entebbe,Australia,2023-05-05
Dad,Manifest,Australia,2023-05-05
Dad,Kaleidoscope,Australia,2023-04-30
Dad,Villain,Australia,2023-04-24
Dad,The Last Kingdom: Seven Kings Must Die,Australia,2023-04-19
Dad,The Diplomat,Australia,2023-04-18
Dad,BEEF,Australia,2023-04-16
Dad,Capturing Cricket: Steve Waugh in India,Australia,2023-04-14
Dad,Get Smart With Money,Australia,2023-04-14
Dad,The Night Agent,Australia,2023-04-11
Dad,Behind Her Eyes,Australia,2023-04-08
Dad,Don't Look Up,Australia,2023-04-05
Dad,Murdaugh Murders: A Southern Scandal,Australia,2023-02-28
Dad,Ganglands,Australia,2023-02-21
Dad,Bill Russell: Legend,Australia,2023-02-15
Dad,Company of Heroes,Australia,2023-02-05
Dad,Narvik,Australia,2023-01-26
Dad,Vikings: Valhalla,Australia,2023-01-16
Dad,Break Point,Australia,2023-01-14
Dad,The Playlist,Australia,2022-12-22
Dad,The Recruit,Australia,2022-12-20
Dad,Interstellar,Australia,2022-12-11
Dad,Troll,Australia,2022-12-02
Dad,Heart of Champions,Australia,2022-11-21
Dad,1899,Australia,2022-11-16
Dad,The Client List,Australia,2022-11-14
Dad,The Watcher,Australia,2022-11-12
Dad,FIFA Uncovered,Australia,2022-11-11
Dad,Inside Man,Australia,2022-11-01
Dad,Kleo,Australia,2022-11-01
Dad,13 Minutes,Australia,2022-11-01
Dad,Captains,Australia,2022-10-27
Dad,Barbarians,Australia,2022-10-26
Dad,The Stranger,Australia,2022-10-24
Dad,He Never Died,Australia,2022-10-18
Dad,Sniper: Assassin's End,Australia,2022-10-18
Dad,All Quiet on the Western Front,Australia,2022-10-17
Dad,King Richard,Australia,2022-10-15
Dad,The Redeem Team,Australia,2022-10-13
Dad,Untold: Operation Flagrant Foul,Australia,2022-10-13
Dad,Untold: The Girlfriend Who Didn't Exist,Australia,2022-10-13
Dad,Losers,Australia,2022-10-13
Dad,Shania Twain: Not Just a Girl,Australia,2022-10-07
Dad,The Ice Road,Australia,2022-10-07
Dad,Hold Tight,Australia,2022-10-07
Dad,Hustle,Australia,2022-10-07
Dad,The Woods,Australia,2022-10-07
Dad,Untold: The Rise and Fall of AND1,Australia,2022-10-07
Dad,The Final Quarter,Australia,2022-10-07
Dad,American Underdog: The Kurt Warner Story,Singapore,2022-09-20
Dad,Untold: The Race of the Century,Australia,2022-09-06
Dad,The Sandman,Australia,2022-08-16
Dad,Formula 1: Drive to Survive,Australia,2022-08-09
Dad,The Most Hated Man on the Internet,Australia,2022-07-30
Dad,Stranger Things,Australia,2022-07-01
Dad,Woodlawn,Australia,2022-06-12
Dad,Shutter Island,Australia,2022-05-26
Dad,Taboo,Australia,2022-04-06
Dad,Formula 1: Drive to Survive,Australia,2022-04-06
Dad,Danger Close: The Battle of Long Tan,Australia,2022-03-30
Dad,Metal Lords,Australia,2022-03-14
Dad,Vikings: Valhalla,Australia,2022-03-04
Dad,Munich – The Edge of War,Australia,2022-02-06
Dad,Neymar: The Perfect Chaos,Australia,2022-02-06
Dad,42,Australia,2021-12-13
Dad,The Unforgivable,Australia,2021-12-11
Dad,For Life,Australia,2021-12-02
Dad,Money Heist,Australia,2021-11-21
Dad,The Witcher,Australia,2021-11-20
Dad,Red Notice,Australia,2021-11-15
Dad,The Harder They Fall,Australia,2021-11-12
Dad,The Chestnut Man,Australia,2021-11-06
Dad,Official Secrets,Australia,2021-10-31
Dad,The King,Australia,2021-10-31
Dad,Midway,Australia,2021-10-31
Dad,Outlaw King,Australia,2021-10-31
Dad,The Siege of Jadotville,Australia,2021-10-31
Dad,Hypnotic,Australia,2021-10-31
Dad,Schumacher,Australia,2021-10-31
Dad,Bad Sport,Australia,2021-10-05
Dad,Wonder Woman 1984,Australia,2021-10-05
Dad,The Forgotten Battle,Australia,2021-10-05
Dad,Gone for Good,Australia,2021-10-02
Dad,The Battered Bastards of Baseball,Australia,2021-10-01
Dad,Squid Game,Australia,2021-09-30
Dad,Clickbait,Australia,2021-09-27
Dad,The Good Place,Australia,2021-09-23
Dad,Sense8,Australia,2021-09-23
Dad,13 Reasons Why,Australia,2021-09-23
Dad,Brand New Cherry Flavor,Australia,2021-09-23
Dad,Untold: Malice at the Palace,Australia,2021-08-18
Dad,My All American,Australia,2021-06-30
Dad,Katla,Australia,2021-06-18
Dad,The Hard Way,Australia,2021-06-13
Dad,The Stranger,Australia,2021-06-12
Dad,Believe Me: The Abduction of Lisa McVey,Australia,2021-06-10
Dad,Angel Has Fallen,Australia,2021-06-07
Dad,Baggio: The Divine Ponytail,Australia,2021-06-05
Dad,Jupiter's Legacy,Australia,2021-06-05
Dad,Secret City,Australia,2021-05-19
Dad,Pine Gap,Australia,2021-05-19
Dad,Line of Duty,Australia,2021-05-19
Dad,Wu Assassins,Australia,2021-05-06
Dad,Gallipoli,Australia,2021-04-23
Dad,American Murder: The Family Next Door,Australia,2021-04-01
Dad,The Bonfire of Destiny,Australia,2021-01-05
Dad,Rake,Australia,2021-01-05
Dad,Fargo,Australia,2020-11-26
Dad,Space Force,Australia,2020-11-26
Dad,Flags of Our Fathers,Australia,2020-11-08
Dad,Barbarians,Australia,2020-10-31
Dad,The Trial of the Chicago 7,Australia,2020-10-24
Dad,La Révolution,Australia,2020-10-24
Dad,Dark,Australia,2020-10-19
Dad,Suits,Australia,2020-10-16
Dad,Barbarians,Australia,2020-10-14
Dad,La Révolution,Australia,2020-10-14
Dad,The Trial of the Chicago 7,Australia,2020-10-14
Dad,Flags of Our Fathers,Australia,2020-10-14
Dad,Unbelievable,Australia,2020-10-09
Dad,13TH,Australia,2020-10-09
Dad,Oprah Winfrey Presents: When They See Us Now,Australia,2020-10-07
Dad,Kingdom,Australia,2020-09-26
Dad,Overlord,Australia,2020-09-13
Dad,Unbroken,Australia,2020-09-11
Dad,Cobra Kai,Australia,2020-09-04
Dad,High Score,Australia,2020-08-27
Dad,The Sinner,Australia,2020-08-11
Dad,Overlord,Australia,2020-08-10
Dad,Unbroken,Australia,2020-08-10
Dad,High Score,Australia,2020-08-10
Dad,The Umbrella Academy,Australia,2020-08-08
Dad,Anelka: Misunderstood,Australia,2020-08-07
Dad,Money Heist: The Phenomenon,Australia,2020-08-07
Dad,The Boy Who Harnessed the Wind,Australia,2020-08-07
Dad,Knightfall,Australia,2020-08-07
Dad,Dirty John,Australia,2020-08-05
Dad,Cursed,Australia,2020-07-18
Dad,The Old Guard,Australia,2020-07-18
Dad,Knightfall,Australia,2020-07-16
Dad,The Umbrella Academy,Australia,2020-07-16
Dad,Dark,Australia,2020-07-14
Dad,MINDHUNTER,Australia,2020-07-14
Dad,Godless,Australia,2020-07-11
Dad,When They See Us,Australia,2020-07-11
Dad,Home Game,Australia,2020-07-07
Dad,The Fall,Australia,2020-07-04
Josh,Don't Look Up,Denmark,2025-06-08
Josh,Sleepless in Seattle,Denmark,2025-06-08
Josh,Marriage Story,Denmark,2025-06-08
Josh,Cast Away,Denmark,2025-06-08
Josh,A Man Called Ove,Denmark,2025-06-08
Josh,The Blue Lagoon,Denmark,2025-05-14
Josh,In China They Eat Dogs,Denmark,2025-05-14
Josh,John Wick: Chapter 3 - Parabellum,Denmark,2025-05-14
Josh,American Pie 2,Norway,2025-04-19
Josh,Pulp Fiction,Denmark,2025-03-01
Josh,Lucifer,Denmark,2025-02-20
Josh,The Redeem Team,Australia,2022-10-13
Josh,The Social Network,Australia,2022-09-15
Josh,Grown Ups 2,Australia,2022-09-15
Josh,Superbro,Australia,2022-09-03
Josh,The Gentlemen,Australia,2022-08-09
Josh,The Platform,Australia,2022-07-24
Josh,The Visit,Australia,2022-07-21
Josh,Escape Plan,Australia,2022-07-09
Josh,In Time,Australia,2022-06-27
Josh,Mr. & Mrs. Smith,Australia,2022-06-27
Josh,The 100,Australia,2022-06-19
Josh,Hustle,Australia,2022-06-09
Josh,Inception,Australia,2022-06-09
Josh,Jackass 4.5,Australia,2022-05-30
Josh,Shutter Island,Australia,2022-05-16
Josh,Spider-Man: Far from Home,Australia,2022-01-10
Josh,John Wick: Chapter 3 - Parabellum,Australia,2022-01-08
Josh,Godzilla vs. Kong,Australia,2021-12-25
Josh,Spider-Man: Homecoming,Australia,2021-12-25
Josh,Marvel's Jessica Jones,Australia,2021-12-23
Josh,Marvel's Iron Fist,Australia,2021-12-23
Josh,Marvel's Luke Cage,Australia,2021-12-23
Josh,Marvel's The Defenders,Australia,2021-12-23
Josh,Ragnarok,Australia,2021-12-22
Josh,Marvel's Daredevil,Australia,2021-12-22
Josh,The Wolf of Wall Street,Australia,2021-12-03
Josh,Neighbors,Australia,2021-12-03
Josh,Moneyball,Australia,2021-12-03
Josh,The Hangover: Part III,Australia,2021-12-03
Josh,Red Notice,Australia,2021-12-03
Josh,Bad Neighbours 2,Australia,2021-12-03
Josh,The Guilty,Australia,2021-10-05
Josh,Marvel's The Punisher,Australia,2021-10-05
Josh,The Hangover,Australia,2021-10-04
Josh,Wonder Woman 1984,Australia,2021-10-02
Josh,Alice in Borderland,Australia,2021-10-01
Josh,Blindspot,Australia,2021-09-26
Josh,Squid Game,Australia,2021-09-20
Josh,How I Met Your Mother,Australia,2021-09-10
Josh,Man of Steel,Australia,2021-09-03
Josh,Impractical Jokers,Australia,2021-09-02
Josh,Batman v Superman: Dawn of Justice,Australia,2021-08-30
Josh,Venom,Australia,2021-08-30
Josh,Suicide Squad,Australia,2021-08-30
Josh,Rick and Morty,Australia,2021-08-30
Josh,The Dark Knight Rises,Australia,2021-08-30
Josh,Birds of Prey (And the Fantabulous Emancipation of One Harley Quinn),Australia,2021-08-30
Josh,Elite,Australia,2021-08-27
Josh,Parks and Recreation,Australia,2021-08-27
Josh,Joker,Australia,2021-08-26
Josh,Trinkets,Australia,2021-08-25
Josh,Inside Man,Australia,2021-08-24
Josh,The Brothers Grimsby,Australia,2021-08-24
Josh,Hoops,Australia,2020-12-23
Mum,Sara - Woman in the Shadows,Australia,2025-06-18
Mum,Dept. Q,Australia,2025-06-17
Mum,North Shore,Australia,2025-06-17
Mum,Running Point,Australia,2025-06-17
Mum,The Survivors,Australia,2025-06-17
Mum,The Life List,Australia,2025-06-16
Mum,Partner Track,Australia,2025-06-13
Mum,White Lines,Australia,2025-06-12
Mum,The Perfect Couple,Australia,2025-06-02
Mum,Sirens,Australia,2025-06-02
Mum,Secrets We Keep,Australia,2025-06-02
Mum,The Four Seasons,Australia,2025-05-18
Mum,You,Australia,2025-05-18
Mum,Adolescence,Australia,2025-04-29
Mum,Just One Look,Australia,2025-04-29
Mum,The Snow Girl,Australia,2025-04-29
Mum,The Glass Dome,Australia,2025-04-29
Mum,The Night Agent,Norway,2025-04-18
Mum,Carry-On,Norway,2025-04-18
Mum,Rebel Ridge,Australia,2025-03-22
Mum,Irish Wish,Australia,2025-03-22
Mum,Your Place or Mine,Australia,2025-02-08
Mum,Inside Man,Australia,2025-02-08
Mum,Black Doves,Australia,2024-12-14
Mum,Fisk,Australia,2024-10-21
Mum,Nobody Wants This,Australia,2024-10-17
Mum,The Blacklist,Australia,2024-07-21
Mum,The Night Agent,Australia,2024-07-16
Mum,Disturbia,Australia,2024-07-13
Mum,The Fall of the House of Usher,Australia,2024-06-08
Mum,One Day,Australia,2024-06-08
Mum,Miss Americana,Australia,2024-02-17
Mum,American Nightmare,Australia,2024-02-05
Mum,A Nearly Normal Family,Australia,2024-01-01
Mum,Leave the World Behind,Australia,2024-01-01
Mum,All the Light We Cannot See,Australia,2024-01-01
Mum,Hotel Mumbai,Australia,2023-12-27
Mum,Painkiller,Australia,2023-09-02
Mum,Your Place or Mine,Australia,2023-08-05
Mum,Mrs. Harris Goes to Paris,Australia,2023-06-11
Mum,BEEF,Australia,2023-04-17
Mum,The Night Agent,Australia,2023-04-17
Mum,Ticket to Paradise,Australia,2023-04-14
Mum,Wellmania,Australia,2023-04-03
Mum,From Scratch,Australia,2023-03-16
Mum,Inside Man,Australia,2023-03-16
Mum,Dead to Me,Australia,2023-03-16
Mum,The Recruit,Australia,2023-03-16
Mum,Kaleidoscope,Australia,2023-03-07
Mum,The Watcher,Australia,2023-02-26
Mum,Murdaugh Murders: A Southern Scandal,Australia,2023-02-26
Mum,The Snow Girl,Australia,2023-02-26
Mum,The Snow Girl,Australia,2023-02-09
Mum,Paranormal Activity 3,Australia,2022-12-17
Mum,The Christmas Chronicles,Australia,2022-12-09
Mum,The Claus Family 2,Australia,2022-12-09
Mum,The Claus Family,Australia,2022-12-09
Mum,A Kindhearted Christmas,Australia,2022-12-09
Mum,Ratched,Australia,2022-12-08
Mum,Wednesday,Australia,2022-12-08
Mum,Echoes,Australia,2022-09-15
Mum,Echoes,Australia,2022-09-05
Mum,Partner Track,Australia,2022-09-05
Mum,Don't Look Up,Australia,2022-08-31
Mum,Keep Breathing,Australia,2022-08-12
Mum,The Girl from Oslo,Australia,2022-08-06
Mum,PIECES OF HER,Australia,2022-08-06
Mum,The Girl from Oslo,Australia,2022-07-17
Mum,Hold Tight,Australia,2022-06-01
Mum,Anatomy of a Scandal,Australia,2022-05-08
Mum,Get Organized with The Home Edit,Australia,2022-05-08
Mum,The Unforgivable,Australia,2022-03-29
Mum,Inventing Anna,Australia,2022-03-09
Mum,The Unforgivable,Australia,2022-01-11
Mum,The Lost Daughter,Australia,2022-01-11
Mum,Emily in Paris,Australia,2022-01-11
Mum,Stay Close,Australia,2022-01-04
Mum,Don't Look Up,Australia,2022-01-04
Mum,Sweet Tooth,Australia,2021-12-20
Mum,For Life,Australia,2021-10-17
Mum,Maid,Australia,2021-10-05
Mum,Sex Education,Australia,2021-09-19
Mum,Clickbait,Australia,2021-09-10
Mum,On the Verge,Australia,2021-09-10
Mum,Good Witch,Australia,2021-09-07
Mum,The Life Ahead,Australia,2021-09-03
Mum,Money Heist,Australia,2021-09-03
Mum,Grace and Frankie,Australia,2021-09-03
Mum,Gone for Good,Australia,2021-09-03
Mum,Queen of the Desert,Australia,2021-09-03
Mum,My Unorthodox Life,Australia,2021-08-16
Mum,How to Get Away With Murder,Australia,2021-08-04
Mum,The Innocent,Australia,2021-07-21
Mum,Pine Gap,Australia,2021-07-21
Mum,Collateral,Australia,2021-07-21
Mum,Marcella,Australia,2021-07-21
Mum,Paranoid,Australia,2021-07-21
Mum,The Woods,Australia,2021-07-21
Mum,The Beautiful Lie,Australia,2021-07-12
Mum,The Dig,Australia,2021-06-12
Mum,The Theory of Everything,Australia,2021-06-12
Mum,Unbelievable,Australia,2021-06-12
Mum,Hillbilly Elegy,Australia,2021-06-12
Mum,White Lines,Australia,2021-06-12
Mum,Rocketman,Australia,2021-06-05
Mum,Just Mercy,Australia,2021-06-05
Mum,The Serpent,Australia,2021-06-05
Mum,Line of Duty,Australia,2021-06-05
Mum,New Amsterdam,Australia,2021-05-27
Mum,Stateless,Australia,2021-05-27
Mum,Mao's Last Dancer,Australia,2021-05-27
Mum,After Life,Australia,2021-05-27
Mum,Lupin,Australia,2021-05-27
Mum,StartUp,Australia,2021-05-27
Mum,Seaspiracy,Australia,2021-05-22
Mum,Queen of the South,Australia,2021-05-22
Mum,My Octopus Teacher,Australia,2021-05-22
Mum,Queen of the South,Australia,2021-03-25
Mum,The One,Australia,2021-03-25
Mum,Five Feet Apart,Australia,2021-02-06
Mum,Bridgerton,Australia,2021-01-21
Mum,Rake,Australia,2021-01-21
Mum,Enola Holmes,Australia,2021-01-03
Mum,The Glass Castle,Australia,2021-01-03
Mum,Ocean's 8,Australia,2021-01-03
Mum,Ava,Australia,2021-01-03
Mum,Virgin River,Australia,2020-12-10
Mum,Peaky Blinders,Australia,2020-09-24
Mum,Dead to Me,Australia,2020-07-08
Mum,Eat Pray Love,Australia,2020-07-06
Mum,Tom and Jerry: The Movie,Australia,2020-07-03
Mum,After The Wedding,Australia,2020-06-29
Riley ,Seven,Australia,2025-01-25
Riley ,Nightcrawler,Australia,2025-01-05
Riley ,Titanic,Australia,2025-01-05
Riley ,The Blind Side,Australia,2024-12-05
Riley ,Starting 5,Australia,2024-10-17
Riley ,Five Nights at Freddy's,Australia,2024-07-08
Riley ,Rick and Morty,Australia,2023-10-17
Riley ,Perfect Match,Australia,2023-02-26
Riley ,Bill Russell: Legend,Australia,2023-01-31
Riley ,The Black Phone,Australia,2023-01-31
Riley ,Kaleidoscope,Australia,2023-01-02
Riley ,Freedom Writers,Australia,2022-10-20
Riley ,Midsommar,Australia,2022-07-11
Riley ,Moneyball,Australia,2022-07-11
Riley ,Riverdale,Australia,2022-07-02
Riley ,BAKI,Australia,2022-07-02
Riley ,The Age of Adaline,Australia,2022-06-16
Riley ,Hustle,Australia,2022-06-09
Riley ,Focus,Australia,2022-05-30
Riley ,Lucifer,Australia,2022-04-24
Riley ,Peaky Blinders,Australia,2022-04-24
Riley ,Shooter,Australia,2022-04-06
Riley ,The Society,Australia,2022-03-29
Riley ,Fight Club,Australia,2022-03-23
Riley ,The Visit,Australia,2022-03-23
Riley ,The Conjuring: The Devil Made Me Do It,Australia,2022-03-02
Riley ,Unfriended,Australia,2022-02-16
Riley ,Manifest,Australia,2022-01-13
Riley ,Peaky Blinders,Australia,2022-01-06
Riley ,Don't Look Up,Australia,2022-01-06
Riley ,Suits,Australia,2021-12-29
Riley ,Scream,Australia,2021-10-07
Riley ,Bird Box,Australia,2021-10-07
Riley ,Sneakerheads,Australia,2021-08-16
Riley ,Impractical Jokers,Australia,2021-06-04
Riley ,Schitt's Creek,Australia,2021-06-03
Riley ,Venom,Australia,2021-04-26
Riley ,Den of Thieves,Australia,2021-01-09
Riley ,Forrest Gump,Australia,2021-01-08
Riley ,Prison Break,Australia,2021-01-04
Riley ,The Office (U.S.),Australia,2021-01-04
Riley ,The Playbook,Australia,2020-10-05
Talia,What a Girl Wants,Australia,2025-06-20
Talia,Cold Case: The Tylenol Murders,Australia,2025-05-29
Talia,The Night Agent,Australia,2025-05-29
Talia,The Perfect Mother,Australia,2025-05-29
Talia,How to Get Away With Murder,Australia,2025-05-29
Talia,Manifest,Australia,2025-05-29
Talia,FOREVER,Australia,2025-05-28
Talia,Battle Camp,Australia,2025-05-02
Talia,A Good Girl's Guide to Murder,Denmark,2025-04-22
Talia,A Man on the Inside,Denmark,2025-04-22
Talia,The Lincoln Lawyer,Denmark,2025-04-22
Talia,The Good Cop,Denmark,2025-04-22
Talia,The Residence,Denmark,2025-04-22
Talia,The Naked Gun: From the Files of Police Squad!,Denmark,2025-04-22
Talia,Fool Me Once,Denmark,2025-04-22
Talia,Central Intelligence,Denmark,2025-04-22
Talia,Adolescence,Denmark,2025-04-22
Talia,The In Between,Australia,2025-01-15
Talia,Malibu Rescue: The Series,Australia,2024-12-22
Talia,Prison Break,Australia,2024-11-16
Talia,Olivia Rodrigo: GUTS World Tour,Australia,2024-10-29
Talia,White Chicks,Australia,2024-10-29
Talia,Mother of the Bride,Australia,2024-10-04
Talia,Senior Year,Australia,2024-09-15
Talia,Mean Girls,Australia,2024-09-15
Talia,My Best Friend's Girl,Australia,2024-09-15
Talia,How to Lose a Guy in 10 Days,Australia,2024-09-15
Talia,Gilmore Girls,Australia,2024-08-20
Talia,LOL,Australia,2024-07-20
Talia,Good Girls,Australia,2024-07-15
Talia,Baby Driver,Australia,2024-07-12
Talia,Monk,Australia,2024-07-12
Talia,Psych,Australia,2024-07-12
Talia,Tag,Australia,2024-07-12
Talia,LOL,Australia,2024-07-12
Talia,Lift,Australia,2024-07-12
Talia,Red Notice,Australia,2024-07-12
Talia,First Daughter,Australia,2024-07-12
Talia,The Blacklist,Australia,2024-07-12
Talia,She's the Man,Australia,2024-07-12
Talia,Wanted,Australia,2024-07-12
Talia,Partner Track,Australia,2024-07-10
Talia,Do Revenge,Australia,2024-01-21
Talia,You Are So Not Invited to My Bat Mitzvah,Australia,2023-09-29
Talia,The Weekend Away,Australia,2023-09-29
Talia,Ginny & Georgia,Indonesia,2023-07-12
Talia,Valentine's Day,Australia,2023-06-28
Talia,Young Sheldon,Australia,2023-06-28
Talia,The Kissing Booth,Australia,2023-06-28
Talia,Never Have I Ever,Australia,2023-06-28
Talia,He's All That,Australia,2023-06-28
Talia,I Believe in Santa,Australia,2022-12-17
Talia,Tom and Jerry,Australia,2022-12-15
Talia,Wednesday,Australia,2022-12-13
Talia,School of Chocolate,Australia,2022-05-26
Talia,The Boss Baby: Back in Business,Australia,2022-05-24
Talia,Glow Up,Australia,2022-03-05
Talia,Hop,Australia,2022-01-28
Talia,The Boss Baby: Get That Baby!,Australia,2022-01-28
Talia,The Emoji Movie,Australia,2022-01-28
Talia,Alvin and the Chipmunks: The Road Chip,Australia,2022-01-26
Talia,The Christmas Chronicles: Part Two,Australia,2021-12-17
Talia,Toradora!,Australia,2021-09-10
Talia,Avatar: The Last Airbender,Australia,2021-09-10
Talia,Stoked,Australia,2021-09-10
Talia,Anohana: The Flower We Saw That Day,Australia,2021-09-10
Talia,High-Rise Invasion,Australia,2021-09-09
Talia,Violet Evergarden,Australia,2021-09-09
Talia,Dawson's Creek,Australia,2021-09-04
Talia,Clueless,Australia,2021-07-04
Talia,Sugar Rush,Australia,2021-05-04
Talia,A Dog's Journey,Australia,2021-04-29
Talia,The Bugs Bunny Road Runner Movie,Australia,2021-04-10
Talia,The Little Mermaid,Australia,2021-04-10
Talia,The Little Prince,Australia,2021-04-10
Talia,Canvas,Australia,2021-04-10
Talia,The Secret Garden,Australia,2021-04-10
Talia,My Perfect Landing,Australia,2021-02-09
Talia,Mean Girls,Australia,2020-10-01
Talia,Barbie Princess Adventure,Australia,2020-10-01
Talia,Mean Girls 2,Australia,2020-09-30
Talia,Now and Then,Australia,2020-08-30
Talia,Mamma Mia! Here We Go Again,Australia,2020-08-30
Talia,Anne with an E,Australia,2020-08-30
Talia,Stuart Little,Australia,2020-08-30
Talia,Nancy Drew and the Hidden Staircase,Australia,2020-08-22
Talia,Creeped Out,Australia,2020-08-16
Talia,Lemony Snicket's A Series of Unfortunate Events,Australia,2020-07-24
Talia,The InBESTigators,Australia,2020-07-10
Talia,Paddington 2,Australia,2020-07-10
Talia,The Baby-Sitters Club,Australia,2020-07-05
Talia,Seven and Me,Australia,2020-07-05
Talia,A Cinderella Story,Australia,2020-07-05
